<metadata__catalog__entry>
  <version>5.2.0.0</version>
  <types class="tree-map">
    <entry>
      <org.mule.common.metadata.DefaultMetaDataKey>
        <id>WS_compraRequest</id>
        <displayName>WS_compraRequest</displayName>
        <category>DEFAULT</category>
        <metaDataKeyPropertiesManager>
          <properties>
            <org.mule.common.metadata.key.property.dsql.DsqlFromMetaDataKeyProperty/>
          </properties>
        </metaDataKeyPropertiesManager>
      </org.mule.common.metadata.DefaultMetaDataKey>
      <org.mule.common.metadata.DefaultXmlMetaDataModel>
        <dataType>XML</dataType>
        <metaDataModelPropertiesManager>
          <properties>
            <org.mule.common.metadata.property.TextBasedExampleMetaDataModelProperty/>
            <org.mule.common.metadata.property.xml.SchemaTypeMetaDataProperty/>
            <org.mule.common.metadata.property.StructureIdentifierMetaDataModelProperty>
              <metaDataKey class="org.mule.common.metadata.DefaultMetaDataKey">
                <id>WS_compraRequest</id>
                <displayName>WS_compraRequest</displayName>
                <category>DEFAULT</category>
                <metaDataKeyPropertiesManager>
                  <properties>
                    <org.mule.common.metadata.key.property.dsql.DsqlFromMetaDataKeyProperty/>
                  </properties>
                </metaDataKeyPropertiesManager>
              </metaDataKey>
              <derivedStructure>false</derivedStructure>
              <generatedStructure>false</generatedStructure>
            </org.mule.common.metadata.property.StructureIdentifierMetaDataModelProperty>
          </properties>
        </metaDataModelPropertiesManager>
        <fields>
          <org.mule.common.metadata.DefaultMetaDataField>
            <name>ns0:referenciaProducto</name>
            <model class="org.mule.common.metadata.DefaultSimpleMetaDataModel">
              <dataType>STRING</dataType>
              <metaDataModelPropertiesManager>
                <properties>
                  <org.mule.common.metadata.property.xml.SchemaTypeMetaDataProperty>
                    <typeQName>
                      <namespaceURI>http://www.w3.org/2001/XMLSchema</namespaceURI>
                      <localPart>string</localPart>
                      <prefix></prefix>
                    </typeQName>
                  </org.mule.common.metadata.property.xml.SchemaTypeMetaDataProperty>
                </properties>
              </metaDataModelPropertiesManager>
            </model>
            <accessType>READ_WRITE</accessType>
            <metaDataFieldPropertyManager>
              <properties>
                <org.mule.common.metadata.property.QNameMetaDataProperty>
                  <name>
                    <namespaceURI>http://invoke.bpel.mtis</namespaceURI>
                    <localPart>referenciaProducto</localPart>
                    <prefix>ns0</prefix>
                  </name>
                </org.mule.common.metadata.property.QNameMetaDataProperty>
              </properties>
            </metaDataFieldPropertyManager>
          </org.mule.common.metadata.DefaultMetaDataField>
          <org.mule.common.metadata.DefaultMetaDataField>
            <name>ns0:numeroUnidades</name>
            <model class="org.mule.common.metadata.DefaultSimpleMetaDataModel">
              <dataType>INTEGER</dataType>
              <metaDataModelPropertiesManager>
                <properties>
                  <org.mule.common.metadata.property.xml.SchemaTypeMetaDataProperty>
                    <typeQName>
                      <namespaceURI>http://www.w3.org/2001/XMLSchema</namespaceURI>
                      <localPart>int</localPart>
                      <prefix></prefix>
                    </typeQName>
                  </org.mule.common.metadata.property.xml.SchemaTypeMetaDataProperty>
                </properties>
              </metaDataModelPropertiesManager>
            </model>
            <accessType>READ_WRITE</accessType>
            <metaDataFieldPropertyManager>
              <properties>
                <org.mule.common.metadata.property.QNameMetaDataProperty>
                  <name>
                    <namespaceURI>http://invoke.bpel.mtis</namespaceURI>
                    <localPart>numeroUnidades</localPart>
                    <prefix>ns0</prefix>
                  </name>
                </org.mule.common.metadata.property.QNameMetaDataProperty>
              </properties>
            </metaDataFieldPropertyManager>
          </org.mule.common.metadata.DefaultMetaDataField>
        </fields>
        <rootElement>
          <namespaceURI>http://invoke.bpel.mtis</namespaceURI>
          <localPart>WS_compraRequest</localPart>
          <prefix>ns0</prefix>
        </rootElement>
        <schemas class="org.mule.common.metadata.StringBasedSchemaProvider">
          <schemas>
            <string>&lt;?xml version=&quot;1.0&quot; encoding=&quot;UTF-8&quot;?&gt;&lt;schema xmlns=&quot;http://www.w3.org/2001/XMLSchema&quot; xmlns:plnk=&quot;http://docs.oasis-open.org/wsbpel/2.0/plnktype&quot; xmlns:soap=&quot;http://schemas.xmlsoap.org/wsdl/soap/&quot; xmlns:tns=&quot;http://invoke.bpel.mtis&quot; xmlns:vprop=&quot;http://docs.oasis-open.org/wsbpel/2.0/varprop&quot; xmlns:wsdl=&quot;http://www.example.org/WS_almacenLocal/&quot; xmlns:wsdl1=&quot;http://www.example.org/WS_almacenCentral/&quot; xmlns:wsdl2=&quot;http://www.example.org/WS_proveedor1/&quot; xmlns:wsdl3=&quot;http://www.example.org/WS_proveedor2/&quot; xmlns:wsdl4=&quot;http://www.example.org/WS_proveedor3/&quot; attributeFormDefault=&quot;unqualified&quot; elementFormDefault=&quot;qualified&quot; targetNamespace=&quot;http://invoke.bpel.mtis&quot;&gt;&#xd;
&#xd;
            &lt;element name=&quot;WS_compraRequest&quot;&gt;&#xd;
                &lt;complexType&gt;&#xd;
                    &lt;sequence&gt;&#xd;
                    	&lt;element name=&quot;referenciaProducto&quot; type=&quot;string&quot;/&gt;&#xd;
                    	&lt;element name=&quot;numeroUnidades&quot; type=&quot;int&quot;/&gt;&#xd;
                    &lt;/sequence&gt;&#xd;
                &lt;/complexType&gt;&#xd;
            &lt;/element&gt;&#xd;
&#xd;
            &lt;element name=&quot;WS_compraResponse&quot;&gt;&#xd;
                &lt;complexType&gt;&#xd;
                    &lt;sequence&gt;&#xd;
                        &lt;element name=&quot;result&quot; type=&quot;string&quot;/&gt;&#xd;
                    &lt;/sequence&gt;&#xd;
                &lt;/complexType&gt;&#xd;
            &lt;/element&gt;&#xd;
        &lt;/schema&gt;</string>
            <string>&lt;?xml version=&quot;1.0&quot; encoding=&quot;UTF-8&quot;?&gt;&lt;xsd:schema xmlns:xsd=&quot;http://www.w3.org/2001/XMLSchema&quot; xmlns:soap=&quot;http://schemas.xmlsoap.org/wsdl/soap/&quot; xmlns:tns=&quot;http://www.example.org/WS_almacenLocal/&quot; xmlns:wsdl=&quot;http://schemas.xmlsoap.org/wsdl/&quot; targetNamespace=&quot;http://www.example.org/WS_almacenLocal/&quot;&gt;&#xd;
      &lt;xsd:element name=&quot;ComprobarStock&quot;&gt;&#xd;
        &lt;xsd:complexType&gt;&#xd;
          &lt;xsd:sequence&gt;&#xd;
          	&lt;xsd:element name=&quot;numeroUnidades&quot; type=&quot;xsd:int&quot;/&gt;&#xd;
          	&lt;xsd:element name=&quot;referenciaProducto&quot; type=&quot;xsd:string&quot;/&gt;&#xd;
          &lt;/xsd:sequence&gt;&#xd;
        &lt;/xsd:complexType&gt;&#xd;
      &lt;/xsd:element&gt;&#xd;
      &lt;xsd:element name=&quot;ComprobarStockResponse&quot;&gt;&#xd;
        &lt;xsd:complexType&gt;&#xd;
          &lt;xsd:sequence&gt;&#xd;
            &lt;xsd:element name=&quot;existe&quot; type=&quot;xsd:boolean&quot;/&gt;&#xd;
          &lt;/xsd:sequence&gt;&#xd;
        &lt;/xsd:complexType&gt;&#xd;
      &lt;/xsd:element&gt;&#xd;
      &lt;xsd:element name=&quot;ActualizarStock&quot;&gt;&#xd;
      	&lt;xsd:complexType&gt;&#xd;
      		&lt;xsd:sequence&gt;&#xd;
&#xd;
      			&lt;xsd:element name=&quot;numeroUnidades&quot; type=&quot;xsd:int&quot;/&gt;&#xd;
      			&lt;xsd:element name=&quot;referenciaProducto&quot; type=&quot;xsd:string&quot;/&gt;&#xd;
      		&lt;/xsd:sequence&gt;&#xd;
      	&lt;/xsd:complexType&gt;&#xd;
      &lt;/xsd:element&gt;&#xd;
      &lt;xsd:element name=&quot;ActualizarStockResponse&quot;&gt;&#xd;
      	&lt;xsd:complexType&gt;&#xd;
      		&lt;xsd:sequence&gt;&#xd;
&#xd;
      			&lt;xsd:element name=&quot;actualizado&quot; type=&quot;xsd:boolean&quot;/&gt;&#xd;
      		&lt;/xsd:sequence&gt;&#xd;
      	&lt;/xsd:complexType&gt;&#xd;
      &lt;/xsd:element&gt;&#xd;
    &lt;/xsd:schema&gt;</string>
            <string>&lt;?xml version=&quot;1.0&quot; encoding=&quot;UTF-8&quot;?&gt;&lt;xsd:schema xmlns:xsd=&quot;http://www.w3.org/2001/XMLSchema&quot; xmlns:soap=&quot;http://schemas.xmlsoap.org/wsdl/soap/&quot; xmlns:tns=&quot;http://www.example.org/WS_proveedor2/&quot; xmlns:wsdl=&quot;http://schemas.xmlsoap.org/wsdl/&quot; targetNamespace=&quot;http://www.example.org/WS_proveedor2/&quot;&gt;&#xd;
      &lt;xsd:element name=&quot;SolicitarPresupuesto&quot;&gt;&#xd;
        &lt;xsd:complexType&gt;&#xd;
          &lt;xsd:sequence&gt;&#xd;
          	&lt;xsd:element name=&quot;numeroUnidades&quot; type=&quot;xsd:int&quot;/&gt;&#xd;
          	&lt;xsd:element name=&quot;referenciaProducto&quot; type=&quot;xsd:string&quot;/&gt;&#xd;
          &lt;/xsd:sequence&gt;&#xd;
        &lt;/xsd:complexType&gt;&#xd;
      &lt;/xsd:element&gt;&#xd;
      &lt;xsd:element name=&quot;SolicitarPresupuestoResponse&quot;&gt;&#xd;
        &lt;xsd:complexType&gt;&#xd;
          &lt;xsd:sequence&gt;&#xd;
            &lt;xsd:element name=&quot;precio&quot; type=&quot;xsd:float&quot;/&gt;&#xd;
          &lt;/xsd:sequence&gt;&#xd;
        &lt;/xsd:complexType&gt;&#xd;
      &lt;/xsd:element&gt;&#xd;
      &lt;xsd:element name=&quot;OrdenarCompra&quot;&gt;&#xd;
      	&lt;xsd:complexType&gt;&#xd;
      		&lt;xsd:sequence&gt;&#xd;
&#xd;
      			&lt;xsd:element name=&quot;numeroUnidades&quot; type=&quot;xsd:int&quot;/&gt;&#xd;
      			&lt;xsd:element name=&quot;referenciaProducto&quot; type=&quot;xsd:string&quot;/&gt;&#xd;
      		&lt;/xsd:sequence&gt;&#xd;
      	&lt;/xsd:complexType&gt;&#xd;
      &lt;/xsd:element&gt;&#xd;
      &lt;xsd:element name=&quot;OrdenarCompraResponse&quot;&gt;&#xd;
      	&lt;xsd:complexType&gt;&#xd;
      		&lt;xsd:sequence&gt;&#xd;
&#xd;
      			&lt;xsd:element name=&quot;RealizadaCorrectamente&quot; type=&quot;xsd:boolean&quot;/&gt;&#xd;
      		&lt;/xsd:sequence&gt;&#xd;
      	&lt;/xsd:complexType&gt;&#xd;
      &lt;/xsd:element&gt;&#xd;
      &lt;xsd:element name=&quot;ActualizarStock&quot;&gt;&#xd;
      	&lt;xsd:complexType&gt;&#xd;
      		&lt;xsd:sequence&gt;&#xd;
&#xd;
      			&lt;xsd:element name=&quot;numeroUnidades&quot; type=&quot;xsd:int&quot;/&gt;&#xd;
      			&lt;xsd:element name=&quot;referenciaProducto&quot; type=&quot;xsd:string&quot;/&gt;&#xd;
      		&lt;/xsd:sequence&gt;&#xd;
      	&lt;/xsd:complexType&gt;&#xd;
      &lt;/xsd:element&gt;&#xd;
      &lt;xsd:element name=&quot;ActualizarStockResponse&quot;&gt;&#xd;
      	&lt;xsd:complexType&gt;&#xd;
      		&lt;xsd:sequence&gt;&#xd;
&#xd;
      			&lt;xsd:element name=&quot;actualizado&quot; type=&quot;xsd:boolean&quot;/&gt;&#xd;
      		&lt;/xsd:sequence&gt;&#xd;
      	&lt;/xsd:complexType&gt;&#xd;
      &lt;/xsd:element&gt;&#xd;
    &lt;/xsd:schema&gt;</string>
            <string>&lt;?xml version=&quot;1.0&quot; encoding=&quot;UTF-8&quot;?&gt;&lt;xsd:schema xmlns:xsd=&quot;http://www.w3.org/2001/XMLSchema&quot; xmlns:soap=&quot;http://schemas.xmlsoap.org/wsdl/soap/&quot; xmlns:tns=&quot;http://www.example.org/WS_proveedor1/&quot; xmlns:wsdl=&quot;http://schemas.xmlsoap.org/wsdl/&quot; targetNamespace=&quot;http://www.example.org/WS_proveedor1/&quot;&gt;&#xd;
      &lt;xsd:element name=&quot;SolicitarPresupuesto&quot;&gt;&#xd;
        &lt;xsd:complexType&gt;&#xd;
          &lt;xsd:sequence&gt;&#xd;
          	&lt;xsd:element name=&quot;numeroUnidades&quot; type=&quot;xsd:int&quot;/&gt;&#xd;
          	&lt;xsd:element name=&quot;referenciaProducto&quot; type=&quot;xsd:string&quot;/&gt;&#xd;
          &lt;/xsd:sequence&gt;&#xd;
        &lt;/xsd:complexType&gt;&#xd;
      &lt;/xsd:element&gt;&#xd;
      &lt;xsd:element name=&quot;SolicitarPresupuestoResponse&quot;&gt;&#xd;
        &lt;xsd:complexType&gt;&#xd;
          &lt;xsd:sequence&gt;&#xd;
            &lt;xsd:element name=&quot;precio&quot; type=&quot;xsd:float&quot;/&gt;&#xd;
          &lt;/xsd:sequence&gt;&#xd;
        &lt;/xsd:complexType&gt;&#xd;
      &lt;/xsd:element&gt;&#xd;
      &lt;xsd:element name=&quot;OrdenarCompra&quot;&gt;&#xd;
      	&lt;xsd:complexType&gt;&#xd;
      		&lt;xsd:sequence&gt;&#xd;
&#xd;
      			&lt;xsd:element name=&quot;numeroUnidades&quot; type=&quot;xsd:int&quot;/&gt;&#xd;
      			&lt;xsd:element name=&quot;referenciaProducto&quot; type=&quot;xsd:string&quot;/&gt;&#xd;
      		&lt;/xsd:sequence&gt;&#xd;
      	&lt;/xsd:complexType&gt;&#xd;
      &lt;/xsd:element&gt;&#xd;
      &lt;xsd:element name=&quot;OrdenarCompraResponse&quot;&gt;&#xd;
      	&lt;xsd:complexType&gt;&#xd;
      		&lt;xsd:sequence&gt;&#xd;
&#xd;
      			&lt;xsd:element name=&quot;RealizadaCorrectamente&quot; type=&quot;xsd:boolean&quot;/&gt;&#xd;
      		&lt;/xsd:sequence&gt;&#xd;
      	&lt;/xsd:complexType&gt;&#xd;
      &lt;/xsd:element&gt;&#xd;
      &lt;xsd:element name=&quot;ActualizarStock&quot;&gt;&#xd;
      	&lt;xsd:complexType&gt;&#xd;
      		&lt;xsd:sequence&gt;&#xd;
&#xd;
      			&lt;xsd:element name=&quot;numeroUnidades&quot; type=&quot;xsd:int&quot;&gt;&#xd;
      			&lt;/xsd:element&gt;&#xd;
      			&lt;xsd:element name=&quot;referenciaProducto&quot; type=&quot;xsd:string&quot;/&gt;&#xd;
      		&lt;/xsd:sequence&gt;&#xd;
      	&lt;/xsd:complexType&gt;&#xd;
      &lt;/xsd:element&gt;&#xd;
      &lt;xsd:element name=&quot;ActualizarStockResponse&quot;&gt;&#xd;
      	&lt;xsd:complexType&gt;&#xd;
      		&lt;xsd:sequence&gt;&#xd;
&#xd;
      			&lt;xsd:element name=&quot;actualizado&quot; type=&quot;xsd:boolean&quot;/&gt;&#xd;
      		&lt;/xsd:sequence&gt;&#xd;
      	&lt;/xsd:complexType&gt;&#xd;
      &lt;/xsd:element&gt;&#xd;
    &lt;/xsd:schema&gt;</string>
            <string>&lt;?xml version=&quot;1.0&quot; encoding=&quot;UTF-8&quot;?&gt;&lt;xsd:schema xmlns:xsd=&quot;http://www.w3.org/2001/XMLSchema&quot; xmlns:soap=&quot;http://schemas.xmlsoap.org/wsdl/soap/&quot; xmlns:tns=&quot;http://www.example.org/WS_proveedor3/&quot; xmlns:wsdl=&quot;http://schemas.xmlsoap.org/wsdl/&quot; targetNamespace=&quot;http://www.example.org/WS_proveedor3/&quot;&gt;&#xd;
      &lt;xsd:element name=&quot;SolicitarPresupuesto&quot;&gt;&#xd;
        &lt;xsd:complexType&gt;&#xd;
          &lt;xsd:sequence&gt;&#xd;
          	&lt;xsd:element name=&quot;numeroUnidades&quot; type=&quot;xsd:int&quot;/&gt;&#xd;
          	&lt;xsd:element name=&quot;referenciaProducto&quot; type=&quot;xsd:string&quot;/&gt;&#xd;
          &lt;/xsd:sequence&gt;&#xd;
        &lt;/xsd:complexType&gt;&#xd;
      &lt;/xsd:element&gt;&#xd;
      &lt;xsd:element name=&quot;SolicitarPresupuestoResponse&quot;&gt;&#xd;
        &lt;xsd:complexType&gt;&#xd;
          &lt;xsd:sequence&gt;&#xd;
            &lt;xsd:element name=&quot;precio&quot; type=&quot;xsd:float&quot;/&gt;&#xd;
          &lt;/xsd:sequence&gt;&#xd;
        &lt;/xsd:complexType&gt;&#xd;
      &lt;/xsd:element&gt;&#xd;
      &lt;xsd:element name=&quot;OrdenarCompra&quot;&gt;&#xd;
      	&lt;xsd:complexType&gt;&#xd;
      		&lt;xsd:sequence&gt;&#xd;
&#xd;
      			&lt;xsd:element name=&quot;numeroUnidades&quot; type=&quot;xsd:int&quot;/&gt;&#xd;
      			&lt;xsd:element name=&quot;referenciaProducto&quot; type=&quot;xsd:string&quot;/&gt;&#xd;
      		&lt;/xsd:sequence&gt;&#xd;
      	&lt;/xsd:complexType&gt;&#xd;
      &lt;/xsd:element&gt;&#xd;
      &lt;xsd:element name=&quot;OrdenarCompraResponse&quot;&gt;&#xd;
      	&lt;xsd:complexType&gt;&#xd;
      		&lt;xsd:sequence&gt;&#xd;
&#xd;
      			&lt;xsd:element name=&quot;RealizadaCorrectamente&quot; type=&quot;xsd:boolean&quot;/&gt;&#xd;
      		&lt;/xsd:sequence&gt;&#xd;
      	&lt;/xsd:complexType&gt;&#xd;
      &lt;/xsd:element&gt;&#xd;
      &lt;xsd:element name=&quot;ActualizarStock&quot;&gt;&#xd;
      	&lt;xsd:complexType&gt;&#xd;
      		&lt;xsd:sequence&gt;&#xd;
&#xd;
      			&lt;xsd:element name=&quot;numeroUnidades&quot; type=&quot;xsd:int&quot;/&gt;&#xd;
      			&lt;xsd:element name=&quot;referenciaProducto&quot; type=&quot;xsd:string&quot;/&gt;&#xd;
      		&lt;/xsd:sequence&gt;&#xd;
      	&lt;/xsd:complexType&gt;&#xd;
      &lt;/xsd:element&gt;&#xd;
      &lt;xsd:element name=&quot;ActualizarStockResponse&quot;&gt;&#xd;
      	&lt;xsd:complexType&gt;&#xd;
      		&lt;xsd:sequence&gt;&#xd;
&#xd;
      			&lt;xsd:element name=&quot;actualizado&quot; type=&quot;xsd:boolean&quot;/&gt;&#xd;
      		&lt;/xsd:sequence&gt;&#xd;
      	&lt;/xsd:complexType&gt;&#xd;
      &lt;/xsd:element&gt;&#xd;
    &lt;/xsd:schema&gt;</string>
            <string>&lt;?xml version=&quot;1.0&quot; encoding=&quot;UTF-8&quot;?&gt;&lt;xsd:schema xmlns:xsd=&quot;http://www.w3.org/2001/XMLSchema&quot; xmlns:soap=&quot;http://schemas.xmlsoap.org/wsdl/soap/&quot; xmlns:tns=&quot;http://www.example.org/WS_almacenCentral/&quot; xmlns:wsdl=&quot;http://schemas.xmlsoap.org/wsdl/&quot; targetNamespace=&quot;http://www.example.org/WS_almacenCentral/&quot;&gt;&#xd;
      &lt;xsd:element name=&quot;ComprobarStock&quot;&gt;&#xd;
        &lt;xsd:complexType&gt;&#xd;
          &lt;xsd:sequence&gt;&#xd;
          	&lt;xsd:element name=&quot;numeroUnidades&quot; type=&quot;xsd:int&quot;/&gt;&#xd;
          	&lt;xsd:element name=&quot;referenciaProducto&quot; type=&quot;xsd:string&quot;/&gt;&#xd;
          &lt;/xsd:sequence&gt;&#xd;
        &lt;/xsd:complexType&gt;&#xd;
      &lt;/xsd:element&gt;&#xd;
      &lt;xsd:element name=&quot;ComprobarStockResponse&quot;&gt;&#xd;
        &lt;xsd:complexType&gt;&#xd;
          &lt;xsd:sequence&gt;&#xd;
            &lt;xsd:element name=&quot;existe&quot; type=&quot;xsd:boolean&quot;/&gt;&#xd;
          &lt;/xsd:sequence&gt;&#xd;
        &lt;/xsd:complexType&gt;&#xd;
      &lt;/xsd:element&gt;&#xd;
      &lt;xsd:element name=&quot;ActualizarStock&quot;&gt;&#xd;
      	&lt;xsd:complexType&gt;&#xd;
      		&lt;xsd:sequence&gt;&#xd;
&#xd;
      			&lt;xsd:element name=&quot;numeroUnidades&quot; type=&quot;xsd:int&quot;/&gt;&#xd;
      			&lt;xsd:element name=&quot;referenciaProducto&quot; type=&quot;xsd:string&quot;/&gt;&#xd;
      		&lt;/xsd:sequence&gt;&#xd;
      	&lt;/xsd:complexType&gt;&#xd;
      &lt;/xsd:element&gt;&#xd;
      &lt;xsd:element name=&quot;ActualizarStockResponse&quot;&gt;&#xd;
      	&lt;xsd:complexType&gt;&#xd;
      		&lt;xsd:sequence&gt;&#xd;
&#xd;
      			&lt;xsd:element name=&quot;actualizado&quot; type=&quot;xsd:boolean&quot;/&gt;&#xd;
      		&lt;/xsd:sequence&gt;&#xd;
      	&lt;/xsd:complexType&gt;&#xd;
      &lt;/xsd:element&gt;&#xd;
    &lt;/xsd:schema&gt;</string>
          </schemas>
          <encoding>windows-1252</encoding>
          <baseUri>file:/C:/MTIS/workspaceAnypointStudio/practica5-1/src/main/wsdl/WS_compraArtifacts.wsdl</baseUri>
        </schemas>
        <namespaceManager>
          <namespacePrefix>
            <entry>
              <string>http://invoke.bpel.mtis</string>
              <string>ns0</string>
            </entry>
          </namespacePrefix>
        </namespaceManager>
      </org.mule.common.metadata.DefaultXmlMetaDataModel>
    </entry>
    <entry>
      <org.mule.common.metadata.DefaultMetaDataKey>
        <id>WS_compraResponse</id>
        <displayName>WS_compraResponse</displayName>
        <category>DEFAULT</category>
        <metaDataKeyPropertiesManager>
          <properties>
            <org.mule.common.metadata.key.property.dsql.DsqlFromMetaDataKeyProperty/>
          </properties>
        </metaDataKeyPropertiesManager>
      </org.mule.common.metadata.DefaultMetaDataKey>
      <org.mule.common.metadata.DefaultXmlMetaDataModel>
        <dataType>XML</dataType>
        <metaDataModelPropertiesManager>
          <properties>
            <org.mule.common.metadata.property.TextBasedExampleMetaDataModelProperty/>
            <org.mule.common.metadata.property.xml.SchemaTypeMetaDataProperty/>
            <org.mule.common.metadata.property.StructureIdentifierMetaDataModelProperty>
              <metaDataKey class="org.mule.common.metadata.DefaultMetaDataKey">
                <id>WS_compraResponse</id>
                <displayName>WS_compraResponse</displayName>
                <category>DEFAULT</category>
                <metaDataKeyPropertiesManager>
                  <properties>
                    <org.mule.common.metadata.key.property.dsql.DsqlFromMetaDataKeyProperty/>
                  </properties>
                </metaDataKeyPropertiesManager>
              </metaDataKey>
              <derivedStructure>false</derivedStructure>
              <generatedStructure>false</generatedStructure>
            </org.mule.common.metadata.property.StructureIdentifierMetaDataModelProperty>
          </properties>
        </metaDataModelPropertiesManager>
        <fields>
          <org.mule.common.metadata.DefaultMetaDataField>
            <name>ns0:result</name>
            <model class="org.mule.common.metadata.DefaultSimpleMetaDataModel">
              <dataType>STRING</dataType>
              <metaDataModelPropertiesManager>
                <properties>
                  <org.mule.common.metadata.property.xml.SchemaTypeMetaDataProperty>
                    <typeQName reference="../../../../../../../../../entry/org.mule.common.metadata.DefaultXmlMetaDataModel/fields/org.mule.common.metadata.DefaultMetaDataField/model/metaDataModelPropertiesManager/properties/org.mule.common.metadata.property.xml.SchemaTypeMetaDataProperty/typeQName"/>
                  </org.mule.common.metadata.property.xml.SchemaTypeMetaDataProperty>
                </properties>
              </metaDataModelPropertiesManager>
            </model>
            <accessType>READ_WRITE</accessType>
            <metaDataFieldPropertyManager>
              <properties>
                <org.mule.common.metadata.property.QNameMetaDataProperty>
                  <name>
                    <namespaceURI>http://invoke.bpel.mtis</namespaceURI>
                    <localPart>result</localPart>
                    <prefix>ns0</prefix>
                  </name>
                </org.mule.common.metadata.property.QNameMetaDataProperty>
              </properties>
            </metaDataFieldPropertyManager>
          </org.mule.common.metadata.DefaultMetaDataField>
        </fields>
        <rootElement>
          <namespaceURI>http://invoke.bpel.mtis</namespaceURI>
          <localPart>WS_compraResponse</localPart>
          <prefix>ns0</prefix>
        </rootElement>
        <schemas class="org.mule.common.metadata.StringBasedSchemaProvider">
          <schemas>
            <string>&lt;?xml version=&quot;1.0&quot; encoding=&quot;UTF-8&quot;?&gt;&lt;schema xmlns=&quot;http://www.w3.org/2001/XMLSchema&quot; xmlns:plnk=&quot;http://docs.oasis-open.org/wsbpel/2.0/plnktype&quot; xmlns:soap=&quot;http://schemas.xmlsoap.org/wsdl/soap/&quot; xmlns:tns=&quot;http://invoke.bpel.mtis&quot; xmlns:vprop=&quot;http://docs.oasis-open.org/wsbpel/2.0/varprop&quot; xmlns:wsdl=&quot;http://www.example.org/WS_almacenLocal/&quot; xmlns:wsdl1=&quot;http://www.example.org/WS_almacenCentral/&quot; xmlns:wsdl2=&quot;http://www.example.org/WS_proveedor1/&quot; xmlns:wsdl3=&quot;http://www.example.org/WS_proveedor2/&quot; xmlns:wsdl4=&quot;http://www.example.org/WS_proveedor3/&quot; attributeFormDefault=&quot;unqualified&quot; elementFormDefault=&quot;qualified&quot; targetNamespace=&quot;http://invoke.bpel.mtis&quot;&gt;&#xd;
&#xd;
            &lt;element name=&quot;WS_compraRequest&quot;&gt;&#xd;
                &lt;complexType&gt;&#xd;
                    &lt;sequence&gt;&#xd;
                    	&lt;element name=&quot;referenciaProducto&quot; type=&quot;string&quot;/&gt;&#xd;
                    	&lt;element name=&quot;numeroUnidades&quot; type=&quot;int&quot;/&gt;&#xd;
                    &lt;/sequence&gt;&#xd;
                &lt;/complexType&gt;&#xd;
            &lt;/element&gt;&#xd;
&#xd;
            &lt;element name=&quot;WS_compraResponse&quot;&gt;&#xd;
                &lt;complexType&gt;&#xd;
                    &lt;sequence&gt;&#xd;
                        &lt;element name=&quot;result&quot; type=&quot;string&quot;/&gt;&#xd;
                    &lt;/sequence&gt;&#xd;
                &lt;/complexType&gt;&#xd;
            &lt;/element&gt;&#xd;
        &lt;/schema&gt;</string>
            <string>&lt;?xml version=&quot;1.0&quot; encoding=&quot;UTF-8&quot;?&gt;&lt;xsd:schema xmlns:xsd=&quot;http://www.w3.org/2001/XMLSchema&quot; xmlns:soap=&quot;http://schemas.xmlsoap.org/wsdl/soap/&quot; xmlns:tns=&quot;http://www.example.org/WS_almacenLocal/&quot; xmlns:wsdl=&quot;http://schemas.xmlsoap.org/wsdl/&quot; targetNamespace=&quot;http://www.example.org/WS_almacenLocal/&quot;&gt;&#xd;
      &lt;xsd:element name=&quot;ComprobarStock&quot;&gt;&#xd;
        &lt;xsd:complexType&gt;&#xd;
          &lt;xsd:sequence&gt;&#xd;
          	&lt;xsd:element name=&quot;numeroUnidades&quot; type=&quot;xsd:int&quot;/&gt;&#xd;
          	&lt;xsd:element name=&quot;referenciaProducto&quot; type=&quot;xsd:string&quot;/&gt;&#xd;
          &lt;/xsd:sequence&gt;&#xd;
        &lt;/xsd:complexType&gt;&#xd;
      &lt;/xsd:element&gt;&#xd;
      &lt;xsd:element name=&quot;ComprobarStockResponse&quot;&gt;&#xd;
        &lt;xsd:complexType&gt;&#xd;
          &lt;xsd:sequence&gt;&#xd;
            &lt;xsd:element name=&quot;existe&quot; type=&quot;xsd:boolean&quot;/&gt;&#xd;
          &lt;/xsd:sequence&gt;&#xd;
        &lt;/xsd:complexType&gt;&#xd;
      &lt;/xsd:element&gt;&#xd;
      &lt;xsd:element name=&quot;ActualizarStock&quot;&gt;&#xd;
      	&lt;xsd:complexType&gt;&#xd;
      		&lt;xsd:sequence&gt;&#xd;
&#xd;
      			&lt;xsd:element name=&quot;numeroUnidades&quot; type=&quot;xsd:int&quot;/&gt;&#xd;
      			&lt;xsd:element name=&quot;referenciaProducto&quot; type=&quot;xsd:string&quot;/&gt;&#xd;
      		&lt;/xsd:sequence&gt;&#xd;
      	&lt;/xsd:complexType&gt;&#xd;
      &lt;/xsd:element&gt;&#xd;
      &lt;xsd:element name=&quot;ActualizarStockResponse&quot;&gt;&#xd;
      	&lt;xsd:complexType&gt;&#xd;
      		&lt;xsd:sequence&gt;&#xd;
&#xd;
      			&lt;xsd:element name=&quot;actualizado&quot; type=&quot;xsd:boolean&quot;/&gt;&#xd;
      		&lt;/xsd:sequence&gt;&#xd;
      	&lt;/xsd:complexType&gt;&#xd;
      &lt;/xsd:element&gt;&#xd;
    &lt;/xsd:schema&gt;</string>
            <string>&lt;?xml version=&quot;1.0&quot; encoding=&quot;UTF-8&quot;?&gt;&lt;xsd:schema xmlns:xsd=&quot;http://www.w3.org/2001/XMLSchema&quot; xmlns:soap=&quot;http://schemas.xmlsoap.org/wsdl/soap/&quot; xmlns:tns=&quot;http://www.example.org/WS_proveedor2/&quot; xmlns:wsdl=&quot;http://schemas.xmlsoap.org/wsdl/&quot; targetNamespace=&quot;http://www.example.org/WS_proveedor2/&quot;&gt;&#xd;
      &lt;xsd:element name=&quot;SolicitarPresupuesto&quot;&gt;&#xd;
        &lt;xsd:complexType&gt;&#xd;
          &lt;xsd:sequence&gt;&#xd;
          	&lt;xsd:element name=&quot;numeroUnidades&quot; type=&quot;xsd:int&quot;/&gt;&#xd;
          	&lt;xsd:element name=&quot;referenciaProducto&quot; type=&quot;xsd:string&quot;/&gt;&#xd;
          &lt;/xsd:sequence&gt;&#xd;
        &lt;/xsd:complexType&gt;&#xd;
      &lt;/xsd:element&gt;&#xd;
      &lt;xsd:element name=&quot;SolicitarPresupuestoResponse&quot;&gt;&#xd;
        &lt;xsd:complexType&gt;&#xd;
          &lt;xsd:sequence&gt;&#xd;
            &lt;xsd:element name=&quot;precio&quot; type=&quot;xsd:float&quot;/&gt;&#xd;
          &lt;/xsd:sequence&gt;&#xd;
        &lt;/xsd:complexType&gt;&#xd;
      &lt;/xsd:element&gt;&#xd;
      &lt;xsd:element name=&quot;OrdenarCompra&quot;&gt;&#xd;
      	&lt;xsd:complexType&gt;&#xd;
      		&lt;xsd:sequence&gt;&#xd;
&#xd;
      			&lt;xsd:element name=&quot;numeroUnidades&quot; type=&quot;xsd:int&quot;/&gt;&#xd;
      			&lt;xsd:element name=&quot;referenciaProducto&quot; type=&quot;xsd:string&quot;/&gt;&#xd;
      		&lt;/xsd:sequence&gt;&#xd;
      	&lt;/xsd:complexType&gt;&#xd;
      &lt;/xsd:element&gt;&#xd;
      &lt;xsd:element name=&quot;OrdenarCompraResponse&quot;&gt;&#xd;
      	&lt;xsd:complexType&gt;&#xd;
      		&lt;xsd:sequence&gt;&#xd;
&#xd;
      			&lt;xsd:element name=&quot;RealizadaCorrectamente&quot; type=&quot;xsd:boolean&quot;/&gt;&#xd;
      		&lt;/xsd:sequence&gt;&#xd;
      	&lt;/xsd:complexType&gt;&#xd;
      &lt;/xsd:element&gt;&#xd;
      &lt;xsd:element name=&quot;ActualizarStock&quot;&gt;&#xd;
      	&lt;xsd:complexType&gt;&#xd;
      		&lt;xsd:sequence&gt;&#xd;
&#xd;
      			&lt;xsd:element name=&quot;numeroUnidades&quot; type=&quot;xsd:int&quot;/&gt;&#xd;
      			&lt;xsd:element name=&quot;referenciaProducto&quot; type=&quot;xsd:string&quot;/&gt;&#xd;
      		&lt;/xsd:sequence&gt;&#xd;
      	&lt;/xsd:complexType&gt;&#xd;
      &lt;/xsd:element&gt;&#xd;
      &lt;xsd:element name=&quot;ActualizarStockResponse&quot;&gt;&#xd;
      	&lt;xsd:complexType&gt;&#xd;
      		&lt;xsd:sequence&gt;&#xd;
&#xd;
      			&lt;xsd:element name=&quot;actualizado&quot; type=&quot;xsd:boolean&quot;/&gt;&#xd;
      		&lt;/xsd:sequence&gt;&#xd;
      	&lt;/xsd:complexType&gt;&#xd;
      &lt;/xsd:element&gt;&#xd;
    &lt;/xsd:schema&gt;</string>
            <string>&lt;?xml version=&quot;1.0&quot; encoding=&quot;UTF-8&quot;?&gt;&lt;xsd:schema xmlns:xsd=&quot;http://www.w3.org/2001/XMLSchema&quot; xmlns:soap=&quot;http://schemas.xmlsoap.org/wsdl/soap/&quot; xmlns:tns=&quot;http://www.example.org/WS_proveedor1/&quot; xmlns:wsdl=&quot;http://schemas.xmlsoap.org/wsdl/&quot; targetNamespace=&quot;http://www.example.org/WS_proveedor1/&quot;&gt;&#xd;
      &lt;xsd:element name=&quot;SolicitarPresupuesto&quot;&gt;&#xd;
        &lt;xsd:complexType&gt;&#xd;
          &lt;xsd:sequence&gt;&#xd;
          	&lt;xsd:element name=&quot;numeroUnidades&quot; type=&quot;xsd:int&quot;/&gt;&#xd;
          	&lt;xsd:element name=&quot;referenciaProducto&quot; type=&quot;xsd:string&quot;/&gt;&#xd;
          &lt;/xsd:sequence&gt;&#xd;
        &lt;/xsd:complexType&gt;&#xd;
      &lt;/xsd:element&gt;&#xd;
      &lt;xsd:element name=&quot;SolicitarPresupuestoResponse&quot;&gt;&#xd;
        &lt;xsd:complexType&gt;&#xd;
          &lt;xsd:sequence&gt;&#xd;
            &lt;xsd:element name=&quot;precio&quot; type=&quot;xsd:float&quot;/&gt;&#xd;
          &lt;/xsd:sequence&gt;&#xd;
        &lt;/xsd:complexType&gt;&#xd;
      &lt;/xsd:element&gt;&#xd;
      &lt;xsd:element name=&quot;OrdenarCompra&quot;&gt;&#xd;
      	&lt;xsd:complexType&gt;&#xd;
      		&lt;xsd:sequence&gt;&#xd;
&#xd;
      			&lt;xsd:element name=&quot;numeroUnidades&quot; type=&quot;xsd:int&quot;/&gt;&#xd;
      			&lt;xsd:element name=&quot;referenciaProducto&quot; type=&quot;xsd:string&quot;/&gt;&#xd;
      		&lt;/xsd:sequence&gt;&#xd;
      	&lt;/xsd:complexType&gt;&#xd;
      &lt;/xsd:element&gt;&#xd;
      &lt;xsd:element name=&quot;OrdenarCompraResponse&quot;&gt;&#xd;
      	&lt;xsd:complexType&gt;&#xd;
      		&lt;xsd:sequence&gt;&#xd;
&#xd;
      			&lt;xsd:element name=&quot;RealizadaCorrectamente&quot; type=&quot;xsd:boolean&quot;/&gt;&#xd;
      		&lt;/xsd:sequence&gt;&#xd;
      	&lt;/xsd:complexType&gt;&#xd;
      &lt;/xsd:element&gt;&#xd;
      &lt;xsd:element name=&quot;ActualizarStock&quot;&gt;&#xd;
      	&lt;xsd:complexType&gt;&#xd;
      		&lt;xsd:sequence&gt;&#xd;
&#xd;
      			&lt;xsd:element name=&quot;numeroUnidades&quot; type=&quot;xsd:int&quot;&gt;&#xd;
      			&lt;/xsd:element&gt;&#xd;
      			&lt;xsd:element name=&quot;referenciaProducto&quot; type=&quot;xsd:string&quot;/&gt;&#xd;
      		&lt;/xsd:sequence&gt;&#xd;
      	&lt;/xsd:complexType&gt;&#xd;
      &lt;/xsd:element&gt;&#xd;
      &lt;xsd:element name=&quot;ActualizarStockResponse&quot;&gt;&#xd;
      	&lt;xsd:complexType&gt;&#xd;
      		&lt;xsd:sequence&gt;&#xd;
&#xd;
      			&lt;xsd:element name=&quot;actualizado&quot; type=&quot;xsd:boolean&quot;/&gt;&#xd;
      		&lt;/xsd:sequence&gt;&#xd;
      	&lt;/xsd:complexType&gt;&#xd;
      &lt;/xsd:element&gt;&#xd;
    &lt;/xsd:schema&gt;</string>
            <string>&lt;?xml version=&quot;1.0&quot; encoding=&quot;UTF-8&quot;?&gt;&lt;xsd:schema xmlns:xsd=&quot;http://www.w3.org/2001/XMLSchema&quot; xmlns:soap=&quot;http://schemas.xmlsoap.org/wsdl/soap/&quot; xmlns:tns=&quot;http://www.example.org/WS_proveedor3/&quot; xmlns:wsdl=&quot;http://schemas.xmlsoap.org/wsdl/&quot; targetNamespace=&quot;http://www.example.org/WS_proveedor3/&quot;&gt;&#xd;
      &lt;xsd:element name=&quot;SolicitarPresupuesto&quot;&gt;&#xd;
        &lt;xsd:complexType&gt;&#xd;
          &lt;xsd:sequence&gt;&#xd;
          	&lt;xsd:element name=&quot;numeroUnidades&quot; type=&quot;xsd:int&quot;/&gt;&#xd;
          	&lt;xsd:element name=&quot;referenciaProducto&quot; type=&quot;xsd:string&quot;/&gt;&#xd;
          &lt;/xsd:sequence&gt;&#xd;
        &lt;/xsd:complexType&gt;&#xd;
      &lt;/xsd:element&gt;&#xd;
      &lt;xsd:element name=&quot;SolicitarPresupuestoResponse&quot;&gt;&#xd;
        &lt;xsd:complexType&gt;&#xd;
          &lt;xsd:sequence&gt;&#xd;
            &lt;xsd:element name=&quot;precio&quot; type=&quot;xsd:float&quot;/&gt;&#xd;
          &lt;/xsd:sequence&gt;&#xd;
        &lt;/xsd:complexType&gt;&#xd;
      &lt;/xsd:element&gt;&#xd;
      &lt;xsd:element name=&quot;OrdenarCompra&quot;&gt;&#xd;
      	&lt;xsd:complexType&gt;&#xd;
      		&lt;xsd:sequence&gt;&#xd;
&#xd;
      			&lt;xsd:element name=&quot;numeroUnidades&quot; type=&quot;xsd:int&quot;/&gt;&#xd;
      			&lt;xsd:element name=&quot;referenciaProducto&quot; type=&quot;xsd:string&quot;/&gt;&#xd;
      		&lt;/xsd:sequence&gt;&#xd;
      	&lt;/xsd:complexType&gt;&#xd;
      &lt;/xsd:element&gt;&#xd;
      &lt;xsd:element name=&quot;OrdenarCompraResponse&quot;&gt;&#xd;
      	&lt;xsd:complexType&gt;&#xd;
      		&lt;xsd:sequence&gt;&#xd;
&#xd;
      			&lt;xsd:element name=&quot;RealizadaCorrectamente&quot; type=&quot;xsd:boolean&quot;/&gt;&#xd;
      		&lt;/xsd:sequence&gt;&#xd;
      	&lt;/xsd:complexType&gt;&#xd;
      &lt;/xsd:element&gt;&#xd;
      &lt;xsd:element name=&quot;ActualizarStock&quot;&gt;&#xd;
      	&lt;xsd:complexType&gt;&#xd;
      		&lt;xsd:sequence&gt;&#xd;
&#xd;
      			&lt;xsd:element name=&quot;numeroUnidades&quot; type=&quot;xsd:int&quot;/&gt;&#xd;
      			&lt;xsd:element name=&quot;referenciaProducto&quot; type=&quot;xsd:string&quot;/&gt;&#xd;
      		&lt;/xsd:sequence&gt;&#xd;
      	&lt;/xsd:complexType&gt;&#xd;
      &lt;/xsd:element&gt;&#xd;
      &lt;xsd:element name=&quot;ActualizarStockResponse&quot;&gt;&#xd;
      	&lt;xsd:complexType&gt;&#xd;
      		&lt;xsd:sequence&gt;&#xd;
&#xd;
      			&lt;xsd:element name=&quot;actualizado&quot; type=&quot;xsd:boolean&quot;/&gt;&#xd;
      		&lt;/xsd:sequence&gt;&#xd;
      	&lt;/xsd:complexType&gt;&#xd;
      &lt;/xsd:element&gt;&#xd;
    &lt;/xsd:schema&gt;</string>
            <string>&lt;?xml version=&quot;1.0&quot; encoding=&quot;UTF-8&quot;?&gt;&lt;xsd:schema xmlns:xsd=&quot;http://www.w3.org/2001/XMLSchema&quot; xmlns:soap=&quot;http://schemas.xmlsoap.org/wsdl/soap/&quot; xmlns:tns=&quot;http://www.example.org/WS_almacenCentral/&quot; xmlns:wsdl=&quot;http://schemas.xmlsoap.org/wsdl/&quot; targetNamespace=&quot;http://www.example.org/WS_almacenCentral/&quot;&gt;&#xd;
      &lt;xsd:element name=&quot;ComprobarStock&quot;&gt;&#xd;
        &lt;xsd:complexType&gt;&#xd;
          &lt;xsd:sequence&gt;&#xd;
          	&lt;xsd:element name=&quot;numeroUnidades&quot; type=&quot;xsd:int&quot;/&gt;&#xd;
          	&lt;xsd:element name=&quot;referenciaProducto&quot; type=&quot;xsd:string&quot;/&gt;&#xd;
          &lt;/xsd:sequence&gt;&#xd;
        &lt;/xsd:complexType&gt;&#xd;
      &lt;/xsd:element&gt;&#xd;
      &lt;xsd:element name=&quot;ComprobarStockResponse&quot;&gt;&#xd;
        &lt;xsd:complexType&gt;&#xd;
          &lt;xsd:sequence&gt;&#xd;
            &lt;xsd:element name=&quot;existe&quot; type=&quot;xsd:boolean&quot;/&gt;&#xd;
          &lt;/xsd:sequence&gt;&#xd;
        &lt;/xsd:complexType&gt;&#xd;
      &lt;/xsd:element&gt;&#xd;
      &lt;xsd:element name=&quot;ActualizarStock&quot;&gt;&#xd;
      	&lt;xsd:complexType&gt;&#xd;
      		&lt;xsd:sequence&gt;&#xd;
&#xd;
      			&lt;xsd:element name=&quot;numeroUnidades&quot; type=&quot;xsd:int&quot;/&gt;&#xd;
      			&lt;xsd:element name=&quot;referenciaProducto&quot; type=&quot;xsd:string&quot;/&gt;&#xd;
      		&lt;/xsd:sequence&gt;&#xd;
      	&lt;/xsd:complexType&gt;&#xd;
      &lt;/xsd:element&gt;&#xd;
      &lt;xsd:element name=&quot;ActualizarStockResponse&quot;&gt;&#xd;
      	&lt;xsd:complexType&gt;&#xd;
      		&lt;xsd:sequence&gt;&#xd;
&#xd;
      			&lt;xsd:element name=&quot;actualizado&quot; type=&quot;xsd:boolean&quot;/&gt;&#xd;
      		&lt;/xsd:sequence&gt;&#xd;
      	&lt;/xsd:complexType&gt;&#xd;
      &lt;/xsd:element&gt;&#xd;
    &lt;/xsd:schema&gt;</string>
          </schemas>
          <encoding reference="../../../../entry/org.mule.common.metadata.DefaultXmlMetaDataModel/schemas/encoding"/>
          <baseUri>file:/C:/MTIS/workspaceAnypointStudio/practica5-1/src/main/wsdl/WS_compraArtifacts.wsdl</baseUri>
        </schemas>
        <namespaceManager>
          <namespacePrefix>
            <entry>
              <string>http://invoke.bpel.mtis</string>
              <string>ns0</string>
            </entry>
          </namespacePrefix>
        </namespaceManager>
      </org.mule.common.metadata.DefaultXmlMetaDataModel>
    </entry>
  </types>
  <connectorName>Web_Service_Consumer</connectorName>
</metadata__catalog__entry>