<?xml version="1.0" encoding="UTF-8"?><!-- This file was auto-generated from WSDL --><!-- by the Apache Axis2 version: 1.6.3  Built on : Jun 27, 2015 (11:17:49 BST) --><serviceGroup>
    <service name="servicioPractica1">
        <messageReceivers>
            <messageReceiver mep="http://www.w3.org/ns/wsdl/in-out" class="org.example.www.serviciopractica1.ServicioPractica1MessageReceiverInOut"/>
        </messageReceivers>
        <parameter name="ServiceClass">org.example.www.serviciopractica1.ServicioPractica1Skeleton</parameter>
        <parameter name="useOriginalwsdl">true</parameter>
        <parameter name="modifyUserWSDLPortAddress">true</parameter>
        <operation name="validarIBAN" mep="http://www.w3.org/ns/wsdl/in-out" namespace="http://www.example.org/servicioPractica1/">
            <actionMapping>http://www.example.org/servicioPractica1/validarIBAN</actionMapping>
            <outputActionMapping>http://www.example.org/servicioPractica1/servicioPractica1/validarIBANResponse</outputActionMapping>
        </operation>
        <operation name="generarPresupuesto" mep="http://www.w3.org/ns/wsdl/in-out" namespace="http://www.example.org/servicioPractica1/">
            <actionMapping>http://www.example.org/servicioPractica1/generarPresupuesto</actionMapping>
            <outputActionMapping>http://www.example.org/servicioPractica1/servicioPractica1/generarPresupuestoResponse</outputActionMapping>
        </operation>
        <operation name="validarNIF" mep="http://www.w3.org/ns/wsdl/in-out" namespace="http://www.example.org/servicioPractica1/">
            <actionMapping>http://www.example.org/servicioPractica1/validarNIF</actionMapping>
            <outputActionMapping>http://www.example.org/servicioPractica1/servicioPractica1/validarNIFResponse</outputActionMapping>
        </operation>
        <operation name="consultaCodigoPostal" mep="http://www.w3.org/ns/wsdl/in-out" namespace="http://www.example.org/servicioPractica1/">
            <actionMapping>http://www.example.org/servicioPractica1/consultaCodigoPostal</actionMapping>
            <outputActionMapping>http://www.example.org/servicioPractica1/servicioPractica1/consultaCodigoPostalResponse</outputActionMapping>
        </operation>
    </service>
</serviceGroup>
